sensor_1,sensor_2,sensor_3,operational_hours,maintenance,RUL
0.4967141530112327,1.3993554365860021,-0.6751782749743815,831,0,4167.779108685377
-0.13826430117118466,0.9246336829127688,-0.14451867071551783,4061,0,937.1372579743511
0.6476885381006925,0.05963036992017413,-0.7924199209999613,4801,0,197.22235898733018
1.5230298564080254,-0.6469367777055739,-0.3079615296390403,2604,0,2393.654227438267
-0.23415337472333597,0.6982233136135899,-1.8936146669537857,714,0,4285.08377216633
-0.23413695694918055,0.3934853854217496,0.21329370737293857,3906,0,1092.7111300304848
1.5792128155073915,0.8951932200277323,0.0012054753622242368,1819,0,3177.2355185195875
0.7674347291529088,0.6351718016819695,-0.8170886310681906,4869,0,126.65000061982076
-0.4694743859349521,1.0495527153193351,0.6592456684324051,1687,0,3307.410676622004
0.5425600435859647,-0.535235211560568,0.9375701376265584,1711,0,3282.4657816523522
-0.46341769281246226,1.3173940656343257,-1.6075598643689741,996,0,3998.2193651438993
-0.46572975357025687,0.19759960469239965,-0.7627247785662142,377,0,4618.250220071343
0.24196227156603412,2.0752608726252655,-0.7691423497872982,4747,0,246.7021392769392
-1.913280244657798,-0.6891878180895679,-0.9399031011088647,1736,0,3261.2445104407952
-1.7249178325130328,1.7359638031652493,0.8294748419317485,2258,0,2738.4039896282115
-0.5622875292409727,0.1979107834626478,-0.19382613877280352,2532,0,2464.9621925127626
-1.0128311203344238,-0.6514180036144483,-0.26451484131061076,4004,1,994.8909564780221
0.3142473325952739,-0.48388583405432156,-2.0038623644067535,4956,0,45.06445734388787
-0.9080240755212109,-0.32034730819432017,0.6354180302092264,3362,0,1639.6574106973942
-1.4123037013352915,0.4241659464019164,-1.2392583948534726,1549,0,3454.884806847181
1.465648768921554,0.5228354880354996,0.05993263026632825,4600,0,401.8363899599576
-0.22577630048653566,-0.573700003938579,0.2773769379581917,1332,0,3670.3584893264247
0.06752820468792384,-0.02435459226098284,1.360658595838651,4217,0,783.9546571181589
-1.4247481862134568,2.1422703586118637,-1.308820399119112,777,0,4224.54595534488
-0.5443827245251827,1.7275431701007113,-3.0195121558208253,2758,0,2245.382307055125
0.11092258970986608,0.4363236696740321,0.18384954475369486,2128,0,2874.651211250987
-1.1509935774223028,0.03800347816820029,1.8005111815108537,3858,0,1143.9636901687306
0.37569801834567196,0.1200313267182613,1.2389463529394373,4724,0,276.22901447072724
-0.600638689918805,0.6135179727304166,0.20965941527462578,2137,0,2863.006475772641
-0.2916937497932768,-1.0227925651984056,-0.49163618563204736,2749,0,2252.812598273265
-0.6017066122293969,-0.2573765374233451,0.8071225966373103,756,0,4245.86455882628
1.8522781845089378,-1.6685840738775894,-0.9735461997044687,265,0,4737.654410915353
-0.013497224737933921,0.39922312260527926,0.47635776935621926,4691,0,310.7923272481297
-1.0577109289559004,0.647195939702741,0.5054701591666269,689,0,4312.697372078216
0.822544912103189,-0.483186462299374,1.0602099074988798,4624,0,376.2978037209136
-1.2208436499710222,1.5739867632900328,2.7596600389110777,2921,0,2076.1850005686833
0.2088635950047554,-1.2257656630023412,0.39241596717876703,4358,0,639.8094866695023
-1.9596701238797756,-1.4643748802098202,-0.5089636257074988,1362,0,3639.742495299299
-1.3281860488984305,0.22445181855997204,-0.025574312191994436,171,0,4831.87180384183
0.19686123586912352,1.0470983026121545,-1.7690759048891183,3616,0,1387.3969202082376
0.7384665799954104,1.6839276914578687,-0.6947131310890582,4850,0,151.66923906787346
0.1713682811899705,-0.45888426286894,-0.409282438113104,3680,0,1322.3660374876656
-0.11564828238824053,1.0786808334312956,-0.5240883979345925,368,0,4633.927093334557
-0.3011036955892888,-0.03850846950070721,0.152354872033722,1876,0,3126.1143506276135
-1.4785219903674274,-0.17262729994081963,-0.8224199323822006,2562,0,2442.587919850304
-0.7198442083947086,0.8836599374866724,1.1210306673244714,1368,0,3635.3030734538875
-0.4606387709597875,0.6523228784134196,0.00020706491819709385,1115,0,3888.1111822815155
1.0571222262189157,-1.5763921569842494,-0.009300321138614417,2822,0,2181.6397525334196
0.3436182895684614,1.4765403497258958,-0.32789471651291785,1183,0,3819.147488610638
-1.763040155362734,1.3800913541474515,0.15519068385897913,4201,0,801.3752467279943
0.324083969394795,-0.6255627015095294,0.8250982646676347,506,0,4495.851627195441
-0.38508228041631654,0.39580353343740904,-0.8671302157109003,3176,0,1826.7080361581313
-0.6769220003059587,0.4940301862827388,-0.6581164890752567,1085,0,3918.5490444612296
0.6116762888408679,0.2606737658239071,-0.30372602877666466,3703,0,1299.9804204353416
1.030999522495951,-0.5503051538454201,-1.345870923473215,4585,0,418.8455969901643
0.9312801191161986,-0.6716233679380516,-0.8192578597214978,809,0,4195.405198098708
-0.8392175232226385,-0.025554070991445278,-0.47622087354465903,2718,0,2287.7461905664663
-0.3092123758512146,1.1727290192593647,0.8743891807127275,4949,0,55.00828474234552
0.33126343140356396,0.5436001545944323,0.26256132900192497,1511,1,3491.8708598273456
0.9755451271223592,-0.37061433208610595,0.19358991136754436,4721,0,281.0723391209418
-0.47917423784528995,0.7716987106483447,0.8508979621679722,1585,0,3415.9289166859708
-0.18565897666381712,-2.8485426206300755,-0.13737178839939665,3050,0,1954.1004900716641
-1.1063349740060282,1.1487657003721035,0.3904648499288896,4751,0,252.6675944953691
-1.1962066240806708,-1.7397137787780996,-0.10322175293249623,3034,0,1972.7067366511603
0.812525822394198,-0.36244094140313216,0.26536234939962844,4214,0,791.9912894207697
1.356240028570823,-1.1196698946261439,-0.5827586576115821,4770,0,236.33747794443659
-0.07201012158033385,-1.2946814757209058,-2.438817158276429,1103,0,3907.1429867000143
1.0035328978920242,1.1608267873785194,-0.13427916218630415,2566,0,2442.11290617693
0.36163602504763415,-0.46770120131189136,1.42274813609994,2566,0,2440.7962232170944
-0.6451197546051243,0.3465038817307158,0.9262154022415924,2038,0,2968.168623687727
0.36139560550841393,-0.04692057887918407,0.9653974845911707,2039,1,2965.888751176507
1.5380365664659692,0.47704082722312147,1.2361307218062179,1735,0,3266.6375430610115
-0.03582603910995154,0.07682189106025536,0.08865759096143744,1798,0,3203.5078896181
1.5646436558140062,-1.2829922241885696,0.1973157074055956,4627,0,374.0289224790687
-2.6197451040897444,0.99626681944714,-0.6176518954343502,2191,0,2812.2700526591457
0.8219025043752238,-0.4937565831613125,-0.31607285602704976,1995,0,3008.2579795939587
0.08704706823817122,-1.556581898659751,0.6157711497711416,4340,0,664.1117432746092
-0.29900735046586746,-0.4281151609659125,1.2038844371688162,3498,0,1505.634981348872
0.0917607765355023,1.5007597906343109,-0.13944627568099954,1173,0,3829.1819070573833
-1.9875689146008928,0.8502217421134929,-0.4501892648514116,2502,0,2501.769443494722
-0.21967188783751193,-0.3486521344078592,0.0005279588565972928,4995,1,9.337239558110923
0.3571125715117464,-0.3492577043184288,0.6012067489291149,3312,0,1691.7281779419884
1.477894044741516,-0.3216350512173826,-1.4438548161335418,4137,0,867.015773764598
-0.5182702182736474,2.076747983560841,-2.296180953137238,1251,0,3753.7534769524477
-0.8084936028931876,0.38193545223155334,-0.5505368494915835,2545,0,2460.730571952601
-0.5017570435845365,0.43004164719106963,-1.2207124259141586,2056,0,2951.022999774909
0.9154021177020741,1.0302834540318422,-0.5081401976473109,4658,0,347.5854544008222
0.32875110965968446,0.23878915902651351,-0.14778031881747153,4007,0,998.1656944509534
-0.5297602037670388,-0.2590421458207031,-0.4532484090230134,907,0,4099.407745209564
0.5132674331133561,-0.19634984908497827,1.4524675344707454,286,0,4718.638360091065
0.09707754934804039,-0.07160125941406395,0.32674476460232005,4927,0,77.2861390365288
0.9686449905328892,-0.03722223650984159,0.30047435961082836,4624,0,379.0542419228949
-0.7020530938773524,0.7276295436369798,0.6222071440434019,1407,0,3595.406458329092
-0.3276621465977682,0.05194588580729943,-1.1388331177807691,2384,0,2619.8210077076633
-0.39210815313215763,0.7326400772155792,1.0391117874202687,4966,0,36.44136399615943
-1.4635149481321186,-0.08071658010858232,-0.07576428653545988,857,0,4147.061359810936
0.29612027706457605,0.07863519031609059,0.6704806172412126,4331,0,672.0161237263137
0.26105527217988933,-1.9982006845321076,-1.0718572330401555,4987,0,18.825126371706087
0.00511345664246089,0.9163276747024814,-1.5537587660160643,3954,1,1052.4574440063773
-0.23458713337514692,0.3464884758979927,0.8178896580250287,4366,0,639.5276530058293
-1.4153707420504142,0.9980101098596522,0.3764095260975166,2306,0,2699.5686041119225
-0.42064532276535904,-2.8962553781936893,-0.9020515543575104,3658,0,1351.7875563672392
-0.3427145165267695,2.0883747047807275,-0.8696630812746944,1680,0,3328.9115592602598
-0.8022772692216189,-0.13958962815517376,1.1254347844147694,1061,0,3947.727991373222
-0.16128571166600914,1.1081828167375165,-1.1894118928673278,3947,0,1061.9705061610177
0.4040508568145384,-1.0399059271255309,1.6426729532559634,3675,0,1332.9636882780728
1.8861859012105302,0.6127739050625697,-0.9006207346478687,975,0,4031.3653492064477
0.17457781283183896,-1.0534155631736561,0.638391925608383,2518,0,2488.605795031181
0.25755039072276437,-0.6237689606958051,-0.3286184757489846,4298,0,709.300632076903
-0.07444591576616721,1.9140313538667861,0.6031874310823431,1101,0,3903.85785920772
-1.9187712152990415,-0.19068240076334658,-0.5441140021141926,3484,0,1523.5114268258967
-0.026513875449216878,0.21743287317972287,-0.1627929060722942,4166,0,841.4833007342384
0.06023020994102644,0.8700677306887542,0.04091917539572113,2945,0,2061.5120836182127
2.463242112485286,0.49568188797260465,-1.0021874557814727,1581,0,3423.5553470735363
-0.19236096478112252,0.15041890514357642,0.7408243454201259,3401,0,1602.8564647877538
0.30154734233361247,0.3649610024662254,-0.5132135664715852,757,0,4246.703170009426
-0.03471176970524331,2.403415585238275,-0.22859991534001858,2880,0,2121.5630661092328
-1.168678037619532,-0.05761879703358539,-0.9943493746085122,522,0,4481.7837123184945
1.1428228145150205,0.2010990467149675,-2.5623336587953105,3781,0,1224.0021241160596
0.7519330326867741,1.050654396007612,-0.19102776260016902,4366,0,637.3905644499654
0.7910319470430469,1.1055259329579838,2.412615421612916,2810,0,2189.0813911483515
-0.9093874547947389,1.1870303055603801,0.7846042878980238,552,0,4446.019144009688
1.4027943109360992,0.6387302220291846,-0.01926037973439464,2497,0,2498.996879856457
-1.4018510627922809,-1.1430049127304835,-0.2628908292082677,2075,0,2923.8046266611877
0.5868570938002703,1.633431532301096,0.02246589281204638,1757,1,3239.5618721422743
2.1904556258099785,-1.146345393018688,0.54711911517521,2641,0,2353.970642794308
-0.9905363251306883,0.30263546523903323,-1.1808128153088449,3175,0,1821.8393564695084
-0.5662977296027719,-0.7542758500193579,1.114321694668872,3264,0,1733.0456083544618
0.09965136508764122,-0.06413834659299254,0.7153813154412441,3066,0,1930.2947140205258
-0.5034756541161992,0.3287624103034804,0.7181857257079345,2153,0,2842.7512415386304
-1.5506634310661327,0.32135721545027307,0.4384757388097273,387,0,4609.542072015437
0.06856297480602733,0.42192075423528475,0.019616657693989903,3317,0,1679.0319716287015
-1.0623037137261049,1.613711269058647,0.6728612359668199,3954,0,1040.807702837402
0.4735924306351816,0.45353430151397983,0.591814133741378,1547,0,3446.2887619715116
-0.9194242342338032,-0.24415663529064868,-0.3540407109410238,707,0,4287.806383551977
1.5499344050175394,0.9640871682883573,-0.573601772896901,4652,0,340.865963751568
-0.7832532923362371,1.1894704889246406,0.1018562952619867,1864,0,3128.357890259718
-0.3220615162056756,-1.2276078151369925,1.5490201514951873,1325,0,3667.358539439565
0.8135172173696698,0.597400069849858,-1.2391070756539009,1335,0,3657.1867292279994
-1.2308643164339552,0.7011727423108983,-1.46752526575244,1129,0,3865.183946067875
0.22745993460412942,-0.29756350335999193,0.16476084123651674,2771,1,2223.089288795394
1.307142754282428,1.3757068133116195,0.05088770185601806,4062,0,929.3555515259443
-1.6074832345612275,-0.15005558703252672,0.1733416643704082,4642,1,350.93974868316764
0.1846338585323042,0.12557645347154225,0.24395319790850026,3277,0,1715.3855851732553
0.25988279424842353,-0.1730718242838696,-0.22320225463480511,3822,0,1170.5219764579256
0.7818228717773104,0.015579047581467534,1.4898634386020821,1575,0,3415.2347110999644
-1.236950710878082,-1.0962750868952018,-1.6009039784765156,2996,1,1998.1688408762145
-1.3204566130842763,-1.4400508825942944,-0.828497024780246,908,0,4089.7578453966735
0.5219415656168976,1.5945050632249722,-0.10325476014904739,1078,0,3917.7446535279805
0.29698467323318606,-0.8469613483183278,-1.6431888111541673,2563,0,2434.9378190142197
0.25049285034587654,-0.9913923494563072,-0.17585440443207118,825,0,4173.854572917762
0.3464482094969757,-2.153390113603715,1.6614701657280182,2601,0,2398.000044656141
-0.6800247215784908,-0.6389617476895022,0.020886488295961788,3462,0,1538.298144637113
0.23225369716100355,-1.3230897934074983,0.23070090571868349,1316,0,3685.158279827641
0.29307247329868125,1.642015160136369,-1.2601647651725802,4151,0,849.4833569593784
-0.7143514180263678,1.0098170893426341,-0.6163614080394775,2297,0,2703.8042526961017
1.8657745111447566,-0.6881503451777238,-0.375196380323937,2906,0,2094.0018249104583
0.4738329209117875,2.2524358053443088,-0.31771509675623405,878,0,4119.593271280959
-1.1913034972026486,0.9817654869915943,1.2816437950037687,1072,0,3924.521165496166
0.6565536086338297,-0.32483138350862245,0.5576910607251245,2910,0,2085.6317522103154
-0.9746816702273214,-2.499405714873573,-1.111457956937032,2223,0,2777.2172975523536
0.787084603742452,2.2909425725907417,0.24650477843200488,698,0,4298.892765597589
1.158595579007404,-1.389572466763596,0.49822174849678513,3441,0,1555.6255207368476
-0.8206823183517105,-1.6453987469568918,1.1401490385212665,324,0,4673.951452763635
0.9633761292443218,1.0225704320096403,1.5805406865683735,940,0,4054.384965515813
0.4127809269364983,2.439752406339273,-1.0150941918278686,1914,0,3078.5475263743647
0.82206015999449,1.3842728185105182,-0.8108575112103382,4909,0,82.15205090707013
1.8967929826539474,0.5639091200523596,-1.2575778589146163,1206,0,3783.9489266632786
-0.2453881160028705,0.594754341665286,-0.23401985910698136,224,0,4765.833580296723
-0.7537361643574896,0.8534155587803077,0.4663583744463345,3346,0,1643.267542527854
-0.8895144296255233,0.7589285897867651,0.9873345165891019,3031,0,1957.4107938511036
-0.8158102849654383,0.2811914239693758,-0.07595102364252276,4225,0,764.021363735742
-0.0771017094141042,0.10420110395187607,-0.31984752325484395,3071,1,1918.3141118644592
0.3411519748166439,-0.06259312789952241,0.15175799224874037,2117,0,2871.8837950252932
0.27669079933001905,-0.7539645888666763,-0.835142901630023,2515,0,2475.19621171646
0.8271832490360238,-0.28067507686677406,2.0895387216947734,4690,0,297.56016482259594
0.01300189187790702,-1.6929568141953855,-1.6076610271180587,3196,0,1794.8477807720315
1.4535340771573169,-0.09833962679474989,0.18474057889572446,1709,0,3280.307845742773
-0.2646568332379561,-0.9885911071509175,2.0236062192296393,817,0,4171.537487463933
2.720169166589619,-1.103589317215771,0.006799844559997769,3661,0,1325.9141077699985
0.6256673477650062,0.17989415115347845,-0.19003903500149447,1116,0,3870.298585306082
-0.8571575564162826,1.3920022863445993,-0.3574454228104272,3665,0,1321.1211859989637
-1.0708924980611123,0.918316606002313,-0.18039168176240783,4801,0,185.45415357278492
0.4824724152431853,-1.570500603623177,1.3728484746765302,4570,0,416.1693332864884
-0.2234627853258509,-0.9896281365703375,-2.211861911329507,2060,0,2929.594286119714
0.714000494092092,0.9407711879882159,1.5334337012963255,1148,0,3838.4060807363376
0.47323762457354485,-0.9824873935383096,-1.423957152450145,1457,0,3531.3392876577523
-0.07282891265687277,-0.2246331499970246,-0.2666523292344148,3526,0,1462.9034020496406
-0.846793718068405,0.5500520990245519,-0.42924442029866183,215,1,4774.629388088983
-1.5148472246858646,-0.9683444548636353,0.5885532697707198,2195,0,2796.524026498762
-0.4465149520670211,0.1053755061459599,-1.5981243518837476,1901,0,3092.463290296567
0.8563987943234723,-1.3340254949182044,0.46217266608194285,2246,0,2747.4787443310797
0.21409374413020396,-0.6013676439512137,2.0243096232868525,1720,0,3271.841708607614
-1.245738778711988,0.31978193414253697,-1.3631740045928105,4880,0,114.13083945677597
0.173180925851182,-1.5929937335316693,0.18970616761039566,3050,0,1945.360946096846
0.3853173797288368,0.440474737960399,-0.6619821777966091,3892,0,1103.1971361569535
-0.883857436201133,-0.019637798926681216,0.42588720619303577,3041,0,1954.6747441858881
0.1537251059455279,0.5524899544171478,0.01914777741575206,1077,0,3917.94938134811
0.058208718445999896,0.22391413406466143,-0.6414869090443096,3166,0,1829.3087454046433
-1.142970297830623,1.3641404299738442,0.487872284871074,883,0,4111.599702987629
0.3577873603482833,0.12522450264790727,1.804348109786743,340,0,4652.312343014846
0.5607845263682344,-0.429405541125253,-0.19090379172729868,1653,0,3339.3718678213304
1.083051243175277,0.12229750303228377,0.7197579421481819,4678,0,312.4467611329748
1.053802052034903,0.5432980290363879,-1.2932729578711637,1112,0,3878.1429340097748
-1.377669367957091,0.04886007032570433,-0.9564363768180087,286,0,4706.428179684224
-0.9378250399151228,0.04059169120388238,0.47240627788037737,1981,0,3011.853006755055
0.5150352672086598,-0.7019916878067554,1.484116028535965,4686,0,305.55584714711705
0.5137859509122088,-0.6629009175509482,0.35561334878566,530,0,4461.34934876497
0.5150476863060479,-1.4026052717996935,-0.31305803052315434,338,0,4654.549964380987
3.852731490654721,1.7495767431869393,-0.0007085945766459172,2445,0,2541.948364741722
0.570890510693167,-1.243863235391285,-1.2504077339697175,175,0,4813.871745200389
1.135565640180599,-0.6929051977959073,0.6045153263553668,1456,0,3531.8245694316497
0.9540017634932023,-0.7184072655691974,0.8823330623234091,2430,0,2556.706641871402
0.651391251305798,0.8949243769444413,-0.45209033283308037,4786,0,199.61241657598512
-0.3152692446403456,-0.2949496782920278,-0.4700421477595015,2002,0,2984.692677646677
0.7589692204932674,1.2477420726737338,0.2658782296520485,4113,0,871.4200881238579
-0.7728252145375718,-0.6734906242438685,-0.4367197360405955,4770,0,216.30312369868
-0.23681860674000887,0.27899416222380197,-0.06613261462582246,2159,0,2827.327080757822
-0.48536354782910346,-0.8353470532597573,2.0997217891665154,240,0,4745.548069569744
0.08187413938632256,2.1451491277733883,-0.24702570074599667,1889,0,3094.5680720033306
2.3146585666735087,-1.1875984190295128,-0.3583401520212222,3726,0,1256.799352007708
-1.867265192591748,0.3098207102270275,-0.6475418056351592,116,1,4869.004338295707
0.6862601903745135,0.6337768809320985,0.7441919714999368,4448,1,534.9401092529012
-1.6127158711896517,0.41379909745149823,-0.181224173218103,564,0,4420.320250199858
-0.47193186578943347,-0.1852876588777083,-0.649373038321426,4571,0,414.626842762846
1.088950596967366,-0.12982069973342616,1.321304032273012,1927,0,3056.346408833339
0.06428001909546277,0.0438114719791096,1.4196030045136372,3128,0,1853.8187143377509
-1.0777447779293061,-0.14700200162848862,-0.6004235657387051,619,0,4364.643884683047
-0.7153037092599682,0.9638791167949097,-1.8665399513606162,189,0,4796.261849226873
0.6795977489346758,2.2105230015913513,1.0075136898369221,4915,0,66.36421478651008
-0.7303666317171367,-0.5574917850078336,-0.684629825760004,2951,0,2032.336703028995
0.21645858958197486,-1.3698029795790778,0.7906255991627686,2943,1,2040.6994218198295
0.045571839903813784,-0.08828204835125482,-1.9701038177118355,4825,0,160.71223584598866
-0.6516003476058171,2.5797093376543185,0.8925973382993092,1984,0,2998.8915295176407
2.1439440893253257,-0.8036745679697308,-1.2111719292807812,4271,0,711.762431925566
0.6339190223180112,1.6391168054440675,0.7307641190665245,1025,0,3954.7586319787374
-2.025142586657607,1.6777008140764407,0.014273067836434106,3834,0,1146.0918006834822
0.18645431476942764,-0.5535882417079946,-0.9539394193966448,1069,0,3912.4128740298174
-0.661786464768388,0.5689830791852754,-0.4070363129267805,1194,0,3787.912713728327
0.852433334796224,1.628396623128538,0.6863184569567008,3295,0,1683.745565313446
-0.7925207384327007,-0.3791277409874871,0.10589445311523424,1504,0,3475.8113193397508
-0.11473644146689901,-0.20358036010236177,0.5844129804724842,3464,0,1515.5452231608476
0.5049872789804571,-0.5816809139486437,1.9764405845154855,4390,0,587.6454762113002
0.8657551941701215,-1.0147567306928669,-1.5642416117110514,4082,0,897.358719359534
-1.2002964070557762,-0.6492775450660071,1.617212574968624,4423,0,556.5910807366872
-0.3345012358409484,-1.2239402667622565,0.10435593752321293,4113,0,868.0451663017672
-0.4749453111609562,0.03408346825922607,-0.8987840483231282,4656,0,326.38481219299206
-0.6533292325737119,-0.7699732310586418,-1.3303136257389898,4813,0,172.1384282823634
1.7654542402810969,0.2337859117907477,-0.1891203907770335,3192,0,1791.3283085210685
0.40498171096095553,-1.5558956462036273,0.9216501119244593,4259,0,724.5575723443868
-1.2608839543350452,0.33088023221445706,-0.12754912037753421,2174,0,2810.615125186885
0.9178619470547761,0.8335289616089246,1.5111549302473475,384,0,4597.352579347974
2.1221561970126332,-1.9937356425714554,-1.4511756900515589,1287,0,3695.6753344835843
1.0324652605511468,0.37405656984757213,-0.01208894784605456,4069,0,912.2809016010316
-1.5193699659540134,1.2276689924732922,-1.252393444413119,3065,0,1917.8249960189255
-0.48423407286625136,-1.2096410186912054,0.3636318826249679,4419,0,565.1552392278579
1.2669111491866227,1.6725723868377034,0.8868873900973003,883,0,4097.328868301736
-0.7076694656187807,0.4190190093660452,-0.42076179368105326,1049,0,3932.03828055167
0.44381942814622843,-0.7050118557584089,-2.6042138566271342,4039,0,944.9036868359094
0.7746340534293368,-0.05576907765770601,0.19894814679649453,144,0,4838.985873713341
-0.926930471578083,0.5583269125217224,0.4367385517335095,1910,0,3072.917738720664
-0.05952535606180008,0.0760053914124115,0.40429475496169764,4666,0,316.4969639303518
-3.2412673400690726,0.5387559924463692,1.235782191822154,2181,0,2802.9636930861525
-1.0243876413342898,-0.9206735930793662,-1.0710536796490489,3598,0,1388.9798080002151
-0.2525681513931603,0.169360824036078,0.6802161054504494,929,0,4057.382799222122
-1.2477831819648495,-1.4137144969049802,1.192507512477975,2009,0,2978.8517893885137
1.6324113039316352,-0.11122606134870032,-1.7785875840065168,2681,0,2307.1091917299373
-1.4301413779606327,-0.9039076414647897,0.31965182591897723,791,0,4199.123588923444
-0.44004448669698376,-0.7355299425897666,-0.5041798310076715,4119,0,872.803343183738
0.13074057728609134,1.2360931752104374,-0.08152267310164589,1031,0,3959.518032104343
1.4412732890661155,1.091310120594269,0.34767648353833636,3506,0,1481.6377722111445
-1.4358621511794394,0.609138120907177,-0.4872285641135523,247,0,4741.95172480553
1.1631637521549596,-1.092312764672579,-0.6757080791616118,1132,0,3857.5565818972095
0.010233061019587049,-0.3164084496948019,0.0341524174880246,1411,0,3578.8286048683967
-0.9815086510479509,1.2130976999791834,-1.0872459388628026,487,0,4503.684261758328
0.46210347426327075,0.14171691363990474,-1.0858251288851855,3221,0,1770.1662664993103
0.19905969557347003,2.319329539981694,0.6793732829565033,1973,0,3014.9685039807987
-0.6002168771587947,0.39331783939437187,-1.148794035158656,3688,0,1301.3241970537217
0.06980208499001891,0.1920491164900316,0.6663125009092119,1015,0,3973.3960333513323
-0.3853135968617602,-0.3091164642025014,0.4625912928539512,1978,0,3010.6278721195426
0.11351734525124804,0.1335409047822823,-1.7258067287905967,3848,0,1142.1066205982997
0.6621306745210467,-0.1524698363805439,-0.6775646523356551,377,0,4613.274524412495
1.586016816145352,0.7081086766885905,1.1941094030473725,2077,0,2909.7862895166136
-1.237815498826849,0.9567023167945841,-0.9811655311396816,1959,0,3029.0485682297854
2.1330333746562666,-0.7859894605079495,-0.46440426230938764,3136,0,1851.1659285779465
-1.9520877995225019,-1.331232953557778,0.4620608932518965,3471,0,1518.9871884377749
-0.15178509503558332,-1.8362053731032966,0.7833905092825955,4813,0,178.19178839663127
0.5883172064845765,0.5079913269125437,-0.2515388860444957,2282,1,2708.3470187492785
0.28099186773503265,-1.1033666061738736,-0.5975101946916416,4775,0,216.76690368240912
-0.6226995198205938,-2.152890592952483,1.4223698616985077,1270,0,3723.1201239334837
-0.20812225035727522,0.3885786045309641,1.7388996637975789,589,0,4402.200767915512
-0.4930009346588328,2.4929995174327906,0.9788580507817954,2625,0,2363.2219112819566
-0.5893647569442115,-0.006070911539893324,0.08531814256502405,1282,0,3706.732028807876
0.8496020970210246,0.8384907744516419,-0.8082657216409264,4579,0,408.852201658044
0.35701548596504734,0.08182935854756501,-0.8304444065565653,4358,0,630.243801220088
-0.6929095952606542,-0.09888965319114267,0.5225141052657575,2588,0,2400.513086363274
0.8995998754332507,0.9190764829877686,0.4183982208886837,1976,0,3010.2760117839643
0.30729952087660933,-0.29027454418865134,1.4015985929464294,2562,0,2422.85738821433
0.8128621188389601,0.26739231407190295,0.6504500925361392,1730,0,3253.126683688883
0.6296288419236122,0.3216978061960136,-1.503080301759818,387,0,4596.6784373425235
-0.8289950109220723,-0.6680904536430488,1.0519476177229186,4382,0,602.1235751893653
-0.5601810401969696,0.9920423495365228,-0.9980606273144129,2007,1,2977.68977450734
0.7472936051232618,-0.17495975669540864,-0.3839712719523516,1261,0,3723.501411930865
0.6103702654334648,-0.7557451594928447,0.2502002062516945,229,0,4755.396586618673
-0.020901593964148132,0.5365098435704035,1.9956674897839644,2463,0,2518.8853108792823
0.117327383308782,-0.8984679817910373,3.109918556005361,243,0,4736.556532921759
1.277664895788425,0.028181157369128247,0.6067230591361827,115,0,4862.643963809465
-0.5915713888358299,-0.009118996644203544,-0.18319661872038787,344,0,4634.427850813666
0.5470973811700379,1.085895565831578,0.5345056484805503,1026,0,3950.2603522181835
-0.20219265243389406,0.4746982328799528,0.8876554258738361,3278,0,1697.1001912118636
-0.2176812032272203,-0.025026958745143917,-0.3206676255571917,2276,0,2699.6635669993934
1.09877685198719,0.8177662992002871,1.7952113559123222,986,0,3985.9518124922934
0.8254163489880298,1.3902075490173134,0.23007075919140207,440,0,4529.506117835097
0.8135096360006385,0.5578103063518622,0.49774308909139425,2151,1,2816.637054803653
1.305478807154329,0.010352619843380607,0.6659242520544614,3498,0,1467.6552991246006
0.02100384163275905,-1.3118362323501596,0.4215866106144557,4050,0,916.5245449047036
0.6819529712949639,-1.0651136630753726,0.8389405004696122,405,0,4561.068765096014
-0.31026675659345604,-0.30522470435466764,-0.6172531865469232,1007,0,3960.3015097435095
0.3241663524884421,-0.6095122021592831,-0.5583017539460305,2754,0,2214.1451573471263
-0.13014305436768459,-0.186971302985446,-1.100154232971695,3892,0,1077.562425937451
0.09699596499271819,0.056649924897107164,0.4395012306202264,4142,0,826.969278816941
0.5951570254369136,0.5296927543567308,0.7789365035121141,1471,0,3496.0654925336353
-0.8182206832334725,-0.07049877805909122,0.4577728661518858,420,0,4547.496439128776
2.0923872756854602,0.4865016438262019,1.6744924333475373,4754,0,209.24305777591672
-1.006017381499702,0.06447441481012024,-0.005596018829046555,4159,0,805.1901967614353
-1.2141886127877322,-1.9754665663538713,0.6687416555925126,1231,0,3735.7111102849844
1.1581108735000678,-0.9393353938187543,-1.0917008761393143,2678,0,2289.5840356814424
0.7916626939629359,-0.14408755572161547,-0.387099702474401,4142,0,825.3235602456755
0.6241198170521551,-1.2096947428411076,0.6955377575657775,3467,0,1500.2135974138987
0.6283455092642799,0.5999287299962045,0.849102110743144,917,0,4048.136221063895
-0.012246772846914623,1.5307508323436974,-0.29396694766418224,111,0,4852.911683952062
-0.8972543714858315,1.2187618516973167,-0.07159925185806683,294,0,4669.661775723709
0.07580455819372633,-0.213442870930208,-1.5178737466808094,2637,0,2328.317287783126
-0.6771617115121117,1.490726136849952,-0.3570292008066094,2942,0,2022.860752558595
0.9751197334177512,0.14866745720211155,0.8903831635197862,2329,0,2633.8465822044554
-0.14705738150213865,-0.33708597111803934,0.5752050161065663,3109,0,1853.755520540969
-0.8254971967925115,-0.6134026635409398,0.5006657213812097,4851,0,112.69375467992133
-0.32138584165299344,-0.30246968648812833,0.04977368718096008,2177,0,2787.2678365208817
0.41293145427562433,-0.38817681854122876,0.007063158628176452,3967,0,997.2360187265189
-0.5637245528039747,0.1704162223754877,-0.6603211394734471,4973,0,-7.710351803579151
-0.8222203955664315,0.1605739810498646,0.6988284202025348,543,0,4422.252466190735
0.2436872114919123,0.0030460201534144695,0.4209729443893898,397,0,4567.5847600147
0.24496657110872277,0.43693816974634986,0.49201884799279927,944,0,4019.4108364258523
-0.5069431753711298,1.1906462747863413,-0.5260348426675804,1115,0,3848.253168169105
-0.4710383056183228,0.9495541354413237,-2.1533429198712444,1484,0,3480.927995259153
0.2320499373576363,-1.4848979684499035,1.0971527117536957,1497,0,3468.0836905784913
-1.4480843414973241,-2.553921134901955,-0.47883745600840416,653,0,4316.564533510899
-1.4074637743765552,0.9343199112392737,-0.8627757640431206,2450,1,2520.9004531380797
-0.718444221252436,-1.366878698415421,0.6934789119139937,4616,0,356.2922971458334
-0.21344715171184725,-0.22476540189268354,-0.3920126399191296,1369,1,3604.122522339357
0.3109075655980046,-1.1701130260593595,1.0599363840466218,1360,0,3612.9217914157716
1.475356216949552,-1.8019804375800197,0.6170059495766975,284,0,4688.6314096868255
0.8576596232020194,0.541462728204788,0.6835693232004776,4663,0,307.5487180122183
-0.1599385299634271,0.7591551603026468,-1.3659557112005343,2510,0,2461.3154570930797
-0.01901620790268883,-0.5765104007267194,1.2119439853864005,4531,0,439.6990397163226
-1.0025293646378088,-2.59104229214491,0.26125053123385605,2309,0,2665.0313608418714
-0.01851313599238993,-0.5462444482524828,-0.36927713924620315,3772,0,1202.9653955653625
-0.2886586389201383,0.3918040054025465,0.14338846734225108,4783,0,191.7188617315379
0.3227185603380895,-1.4789115687741288,-1.77623523289832,1981,0,2996.6512899728723
-0.827230943552323,0.18335991977915564,0.40865281148067084,4396,0,581.8865081851648
0.5193465142411723,-0.015309849172995557,-1.0293715081820716,621,0,4357.411843028279
1.5327389130025777,0.5792914996010884,-1.3526702858435344,1987,1,2990.6524829015184
-0.1087601484568576,0.11958036841415326,-1.5223591862178911,2652,0,2327.164021867779
0.40171172209894146,-0.9730689408815555,1.1126883749899252,3909,0,1069.6226907115717
0.6901439917111125,1.1965715016644913,-0.6292633936927887,4983,0,-5.634761388111009
-0.40122047188583626,-0.15852957302697002,1.5337277099164992,4255,0,721.3912609468853
0.22409248181041677,-0.02730453950993186,-0.5358014630522978,4773,0,203.73027446763712
0.01259240078179486,-0.933267959073196,-1.7073579575929467,4516,0,463.35830798352146
0.09767609854883172,-0.4432822511915103,-1.1165244399486591,3579,0,1401.8204385761128
-0.7730097838554665,-0.8848027140269009,1.2358116200069387,1509,0,3472.242439453988
0.024510174258942714,-0.172946059923423,-0.15589817793666752,1794,0,3187.5467735175894
0.49799829124544975,1.7117084801423434,-0.5482872964906009,4764,1,215.88535404269217
1.4511436077950417,-1.3719011429313563,0.1600182258527877,626,0,4353.646093351976
0.9592708260852069,-1.6135613978767411,0.501782736167545,2760,0,2219.7986011875996
2.1531824575115563,1.4711703274936085,1.1173988159024608,2272,0,2703.056849586692
-0.7673475628880495,-0.20932367715186612,1.4484992298929262,379,0,4595.585021596839
0.8723206367206782,-0.6690727386599166,-0.35976864578908574,3064,0,1910.7415423445673
0.18334200573835174,1.0399046873960764,-1.3260476860820383,4077,0,897.8443433375149
2.1898029332176723,-0.6056155397368641,-0.413465161123276,2769,0,2204.6736211051575
-0.8082982853551515,1.8260097135469362,0.26028050658288615,2993,0,1979.3956291703828
-0.8397218421807761,0.6779258713392691,-0.9637589262106109,1851,0,3122.521184067435
-0.5993926454440222,-0.48791140814570266,-0.9571509148950429,4081,0,894.5656390359196
-2.123895724309807,2.1573082132655035,0.34378788154988543,4869,0,106.18843866541408
-0.525755021680761,-0.6057149230033384,-0.04865235157045115,2461,0,2515.3685609616687
-0.759132661553698,0.742095372009307,0.03279699541158651,4527,0,449.3528012558014
0.15039378647620763,0.2992925804064919,-0.7584953347000695,4231,0,745.6616102236188
0.34175597577715944,1.301741289398798,-0.23040071420576733,1808,0,3167.2485136726486
1.8761708392158862,1.5615111967268527,-0.9242331442683044,2786,0,2186.735064780974
0.9504238381860503,0.032004149065766624,0.8901984111247868,2995,0,1975.8624383825975
-0.5769036556624031,-0.7534178703461835,1.0352493347237526,4635,0,336.1575105738824
-0.898414671348358,0.4599721429391164,-1.8461878622380938,2876,0,2097.4421409645297
0.4919191715065057,-0.6777153697521061,-0.92951086019241,1219,0,3755.557448022968
-1.3202332070206422,2.013387247526623,-1.496529255090079,3088,0,1887.3608232375518
1.8314587658543537,0.13653533108273744,-0.6500239344068982,4359,0,615.0428530750216
1.179440120721287,-0.3653215513121087,-0.08343796979036086,4343,0,630.3121724754028
-0.4691756521047048,0.1846803058649084,-1.44964521969853,294,0,4681.046313041341
-1.7131345290908775,-1.3471262895296965,-0.9218598131253132,762,0,4217.028433673087
1.3538723741654128,-0.9716140385106515,-1.0039573720814985,579,0,4400.650132709514
-0.11453984525261789,1.2004139079444254,0.20726732939894396,4318,0,660.3569913174231
1.2378163119734618,-0.6568942789713957,0.06934433703625043,1523,0,3454.706724947385
-1.594427658794367,-1.0469109826819396,-0.7217375533372533,2808,0,2173.0698011421982
-0.5993750229537729,0.5366527525272862,0.17682087213939798,3275,0,1705.9557025404854
0.005243699718183166,1.185704154662997,-0.5466800845872654,3914,0,1066.3114347706914
0.046980593764742055,0.7189533106650667,-0.2716551103260533,2114,1,2865.817155976588
-0.45006547147924364,0.9960476858058164,1.673452090298537,3889,0,1088.5977216719625
0.6228499323474987,-0.7567950885694608,1.340461051790348,4905,0,71.3912057763942
-1.0676204293825944,-1.4218106667418438,-1.2995812369275976,2543,0,2437.1802181094463
-0.1423794850212935,1.5013336519554867,0.8297324178791745,1011,0,3966.991531524633
0.12029563171189886,-0.32267983884213575,0.8113965544915921,3313,0,1664.3825191772714
0.514438834058749,-0.25083301645504735,-1.1482632887526183,2464,0,2514.2671766484204
0.7116148780888898,1.328194141849058,0.8187776437548606,3729,0,1246.4085899847275
-1.1246420918378692,0.5562300094006599,1.5379319184125528,3572,0,1402.4390701487523
-1.5341141707356223,0.45588777208160763,-1.1225448062444139,780,0,4196.639841353651
1.277676821898509,2.165002344901084,-0.9175028210142636,4751,0,223.11466500786537
0.33231401197959165,-0.643518230380143,1.0176614668435024,709,0,4264.408207759422
-0.7484865365565536,0.9278401280812372,0.271495310825648,2256,0,2716.957358857072
1.551151975522523,0.0570131248970845,0.5514762752395233,3966,0,1004.797717481413
0.11567463429285867,0.26859227886325693,0.3405892164004968,471,0,4499.072861351857
1.1792971840638264,1.5284684264125317,0.39069592092814415,715,1,4251.974399820452
0.06751848141010895,0.5078357562896237,-1.326472128311083,2353,0,2614.7255177110633
2.060747924881987,0.538296079049633,1.0473177066214483,4238,0,726.0791560005101
1.7553408424432044,1.0725073373098022,1.1695899924277735,964,0,3996.081717828329
-0.2489641484790735,-0.3649527295428853,-0.22939074406802776,1368,0,3592.9250254504195
0.9715709509543554,-0.8392096673390064,-0.04347694981386243,884,0,4076.836141116618
0.6453759495851475,-1.0448091940210336,-1.5311075025557221,4671,0,291.76668186360945
1.3686315575323487,-1.9663565893760018,0.5142547560178349,4278,0,684.8501521394353
-0.9649234605801045,2.056207129940322,0.5720574417141441,2337,0,2624.186811028361
0.6860514599984393,-1.1032083657216831,-0.062191016999311004,4154,0,807.6661589510835
1.0584244868495878,-0.221253623585772,1.1243533598705027,4995,0,-35.295365272050844
-1.7587394864231143,-0.27681329988892067,-0.3340772309799405,1035,0,3927.074264745241
-1.183258512665775,0.30740669780910074,0.5646059258936003,4080,0,882.3855106342043
-2.0392321777601006,0.8157372125392968,-1.0196643386921156,2438,0,2526.628669938117
-0.26940683444455776,0.8604734883597454,-0.02355215087423812,425,0,4539.061155435076
0.7175422557959623,-0.5830774385689385,-0.17435425790283585,1634,0,3330.101044875752
1.502357052096028,-0.1671217137864115,0.22530792204094158,3580,0,1382.5405016154014
0.07409478041977519,0.28257995048829965,-0.3695269288333586,3961,0,1001.5533538133267
1.6286155455712918,-0.24869112618354708,-0.1314725956716678,2085,0,2876.3049019896107
-1.3801014582148914,1.6073455760199926,0.8260471714415063,4703,0,257.25161070036404
-1.7033824393551547,0.49097495163825133,-0.43676423723821745,2878,0,2083.900782425319
-0.05554769889661878,0.7348777860498175,-1.6065771007386793,1370,0,3592.8280294389047
0.3840654489393073,0.6628812686674127,1.7495839042054206,740,0,4220.031498817092
-0.03269474809409311,1.173473857485325,1.3814540786904865,4803,0,154.50926562901077
-2.0674421000398766,0.18102155870370695,-1.2922626951056186,4178,0,782.6879488654525
-0.08912003951278841,-1.2968319479558466,0.6897078052451944,4761,0,200.38419304767598
-1.3044695005048532,0.3996879517526416,-0.5029747705513431,1467,0,3495.7919493669797
0.6696725488300385,-0.651356893791829,0.26348721533105957,4142,0,820.5101464966103
0.36659824609684827,-0.5286166817497568,0.2942241290134937,2675,0,2287.3779408032497
-0.9398797863273552,0.5863640187550933,-0.234407800316322,3703,0,1259.9658643711382
-0.5138669173366935,1.2382830714336357,-0.7837656655863965,1681,0,3282.0252138826277
-1.0592135218889516,0.02127157673606165,-0.6905410523162594,2086,0,2878.753696880097
-0.06267909727317188,0.3088330125989638,-0.9161919154812425,2340,0,2625.423734880252
0.9551423205012383,1.702214944635238,-0.8318222082304447,4066,0,897.5981998233462
-0.9857260463355437,0.24075317948856828,-0.06717829004935526,2205,0,2759.4103509802426
0.5040465155178444,2.601683114180395,-0.7157599891107518,228,0,4734.020381339655
-0.5302576183724408,0.5655096456315442,0.6820520657126199,4901,0,60.303077246683415
-0.7928728322623442,-1.7607627591558177,1.4872461553359273,4096,1,866.3694666827656
-0.10703035995455783,0.7533416211045325,-0.580053241370043,951,0,4011.3032086629855
-1.035242322419374,0.38115838488277776,0.23940450053537707,4203,0,759.7178880999869
-0.553649305347182,1.2897527540827456,0.49968511030293383,2176,0,2785.4820995409486
-1.1978778925888485,0.6731813512699584,0.4720022709192744,3094,0,1867.534793811348
1.9647251329163893,-0.13845598398377382,0.07595526791608741,3844,0,1115.6325693944993
0.03526355197172861,-1.2242982362893657,0.7426824183597224,2856,0,2104.078921660457
-0.6997255079925856,-0.20902325728602528,0.4822489526806572,1744,0,3216.5054214730553
0.213979910734222,-0.8505204542093001,-1.2376624223272978,4471,0,491.3796244388576
-0.11232804969082982,-0.5805234498047227,0.8691560643892732,3244,0,1718.203319873964
-0.22096959953322298,0.5885784044206096,0.8872908372667421,342,0,4618.94842023181
0.6141667000434252,1.6699045043514062,-0.7632861041785816,4185,0,774.4276351315934
0.7575077100473051,0.3946715298229811,0.03793783544760203,270,0,4688.237518056276
-0.5305011476105275,-1.1958830620351844,0.6833289928110694,752,0,4207.28057327311
-0.57581824064468,0.4446026682201407,-0.20931381957936157,3612,0,1347.6211026651142
-0.275051697151644,1.196631486645651,1.0729780477660118,1599,0,3358.626544827854
-2.301921164735585,-0.6097829043193822,2.3638724946193608,2199,0,2759.17437640229
-1.5151910621985523,-0.1340171666729177,-0.7859860326349823,2258,0,2702.609570663796
1.3668742674445247,0.014688194729197093,-1.3810446031537749,2072,0,2888.609052804776
1.6449677135012837,-0.78489831308224,0.30381859560487573,4025,0,934.4451648087523
-0.24903603955637832,0.648280433843859,0.7215625051261435,2358,0,2600.3243579093387
0.5765569630557664,-0.12094814860778157,-0.23086637384476896,4139,0,819.0996154687355
0.3112501545435361,0.41953244390702776,1.4532606633210343,2135,0,2820.915572206964
3.0788808084552377,-0.8874921778021001,-1.3386057997232488,3371,0,1584.062789376034
1.1195749114345768,-0.43745830032341043,0.6929186230316111,957,0,3996.687754141891
-0.12791759148076653,0.7223813578277714,-0.6058608207588934,3923,0,1030.699151196303
-0.9555404406004258,-0.372833152091767,1.7193779062072967,1149,0,3804.308146882788
-1.6064463202575725,1.7269638512334051,1.9925153531681183,4090,0,861.195113998644
0.2034636358672231,-0.39963618561460235,-0.7666565877833479,398,0,4554.157943136175
-0.7563507452843033,0.22468472575188592,-0.5495571359085801,1023,0,3930.2391662916157
-1.4222537095976742,0.9325908318730899,0.8595878869798019,4332,0,620.8692412823606
-0.6465728842425266,-1.4183657329330317,-0.3871306497895146,4406,0,549.3213105493256
-1.081548003614395,-1.7608088119807759,-0.04541121793223822,2899,0,2059.209078582853
1.6871416350725648,-1.5256563145700948,0.02538842054241018,4975,0,-16.97779515819183
0.8816397569494505,1.262584103427182,-1.9196731561976563,4162,0,795.7976541376293
-0.007972641316617372,-0.5518581458924467,-0.01383774609423725,4145,1,813.3713226709325
1.4799441388900259,2.5581992856682523,-0.6897277740641738,1902,1,3053.022907020438
0.0773683076476183,-0.5642475986573886,-0.493122822399772,2813,0,2143.002909133848
-0.8612842013282637,0.18455130319703697,1.4436320034688142,4606,0,349.23601002851035
1.5231240772696573,1.5421099525678756,-1.2565068942792563,2953,0,2000.427282892952
0.5389100436846587,2.006092888159123,0.8132051867479773,2757,0,2193.06907477436
-1.0372461543264564,2.061503576636398,-0.2789629303318085,4622,0,327.3237802823822
-0.1903386780836082,1.2083662305931424,-0.2797601684958344,3446,0,1502.5855128983685
-0.8756182533847572,1.0240625258114624,0.7903718960517113,1571,0,3376.64669672989
-1.382799730964336,0.5925269492011831,0.34005129456889044,3049,0,1899.0969182170843
0.9261775475316414,0.7783610761666377,0.570612997219531,1041,0,3904.8217665961665
1.9094166404701305,-0.5511857163285334,0.9681846605328611,2007,0,2936.495351011492
-1.3985675738191412,-0.8181988834223072,-0.33130838318332273,4937,0,9.043425851916808
0.5629692366905709,-0.0033744574109520514,-0.6122367345077503,1343,0,3603.096067807145
-0.6506425691218269,-0.17018462252492844,-1.085150526557798,4523,0,425.0020455253495
-0.48712538376469605,-0.4532280493272752,-0.8254105299789551,1566,0,3383.7678094884204
-0.5923939242388692,0.6963874474567153,2.9490944253087252,4057,0,889.7147215398938
-0.863990769679816,0.9553052085705107,1.2446795807367868,2066,0,2879.3787275202662
0.04852162794482699,0.08840688629184736,-1.3510743662080213,475,0,4471.592873372238
-0.8309501164110378,1.4775300810552618,-1.3224579567435701,362,0,4585.268751364337
0.2704568257798388,-1.141689114133505,0.4818660617184915,4462,0,485.6581175909722
-0.05023810944913695,-0.19365945927971812,0.547264797377967,3488,0,1459.354750362323
-0.23894804686640975,-0.7168223206028049,0.5488838353173644,3495,0,1452.761636894475
-0.9075636620415979,-1.86653661707306,-0.25495579355369785,2044,0,2906.7906929671435
-0.5767713305683327,-0.08268068584269925,-0.12545426000290022,1993,0,2958.5755992435575
0.755391225825756,-0.12174750838328353,0.3278795241593574,3734,1,1216.6140760019555
0.5009171876243808,1.513449743242131,0.08589300629333041,1752,0,3196.5138160647957
-0.977555244798551,0.6308116845547775,-2.219300372747535,4241,0,710.0798599977869
0.09933230542922587,-1.024186824329205,-0.22979963057519381,3992,0,960.2345141472621
0.751387123371789,1.8540925663341883,-0.8514064342603136,699,0,4251.480440891816
-1.6694052811213718,1.221033695525353,0.17521141890851205,4915,0,35.753601058503904
0.543360192379935,0.5820977034686158,2.98525900260341,2012,0,2934.642884160052
-0.6626237589458467,-0.22648409884983192,0.3674816654743044,1392,0,3555.1645103523733
0.5705986685931593,-0.9594392367234797,-0.3135296861723979,700,0,4247.866880606676
-0.7632591565425169,-0.372206776071053,0.9218015019772522,480,0,4468.080545037313
-1.804882100664519,1.088748619704186,0.4826878872092127,4313,0,635.3139906310635
-1.6275424378831627,1.884586305934609,0.4200944904518413,3737,0,1210.6368522725602
0.048084946661381994,1.543243528272189,0.606850593215671,2263,0,2682.438673204411
0.25972250172148187,-0.4888494217862741,2.0565435648295414,4455,0,488.6112565596462
-0.9043166251044086,-1.1196174332890112,-1.1308884353259157,1198,0,3748.7660790533655
0.6385924587773739,0.14088624691120394,0.47363207681145447,465,0,4480.512968270866
-1.6615200622689599,-1.7684393655628516,-0.9263811299815384,2670,0,2279.8693088286786
-0.06607979864731657,0.32316771418478146,0.5555126463422483,3519,0,1430.0567082667992
-1.2110161997624567,-0.14760258629866868,-0.9186865114860944,2576,0,2375.334013564346
-0.6518361078021592,-0.46603650186824225,-0.4173668136050844,890,0,4062.8692529876216
0.047398671316414016,-1.5947030672667954,-0.2950899142379063,3669,0,1285.71164729781
-0.8604133652839524,0.5136001065697166,0.975816719344709,846,0,4108.08264383718
-0.38455554422982535,-0.5327008396619114,0.9184544439424138,412,0,4542.081445777129
1.0062928092144405,-1.169916835710288,-1.2457173764463845,4733,0,222.4907871800712
-0.5768918695231487,-2.8722622132816493,0.054934110999848726,1020,0,3938.8850071518764
0.8356921120651418,-0.027514905050636255,-0.7095798547491726,1177,0,3781.7864097996107
-1.129706854657618,1.772251596669744,-1.2585049106753345,2929,0,2030.4023699682741
0.5298041779152828,1.66125921454787,-0.21701705042437042,2481,0,2476.4283236262354
1.4415686206579004,-0.45709625658627184,-0.3084827884558197,3718,0,1238.7523340506195
-2.4716445001272893,-0.6022120603617805,2.4267164863455224,897,0,4060.399474124763
-0.7968952554704768,0.46877425607502377,0.43295982536069616,4543,0,414.29463529879774
0.57707212718054,-0.9983854391882915,-1.3776175007542373,372,1,4587.09356611156
-0.2030453860429927,0.30179189981946597,-0.5647740041709423,3110,0,1849.5595936019542
0.37114587337130883,0.7660802783846903,1.0213832954293984,4915,0,42.40098415476882
-0.6039851867158206,1.2269332238843076,2.088442772869925,1873,0,3081.6895933447304
0.08658978747289992,-0.10015407647995278,-1.5859833122379583,2647,0,2309.2891409459753
-0.15567723539207948,-0.20367375017696587,-1.879924385139045,3264,0,1694.5284163166834
1.1677820616598074,-0.877982586756561,1.8709651753717822,4880,0,76.36765166640849
0.2544208433012131,-0.82688035403986,0.38961417737090387,4817,0,139.55049699977624
0.3376026620752022,-0.22647889190152676,-0.8682927318763665,1046,0,3911.307665961479
-0.4118769661224674,0.3673655068161781,0.5346290861224353,2765,0,2191.8175483346627
-0.48760622407249354,0.9135846262332494,-2.6357477390168778,606,0,4353.027317671519
-0.4325581878196209,-0.8031789506803448,0.003375506597160999,343,0,4617.259679303422
0.39445214237829684,1.4926885689595217,0.32782117284308526,605,0,4353.04471741924
-0.42098448082026296,-0.2711236010425688,0.9242701395378298,4617,0,340.8125553615658
0.2897748568964129,-0.021367294348436157,-1.0138959522925377,3258,0,1700.5580437513104
2.075400798645439,-0.7472116791478234,0.08568716140335904,3690,0,1267.1441674704095
0.8711247034316923,-2.4242402602729416,-0.9254246260595873,1972,0,2987.62270765331
-0.32602353216784113,0.8840453963610497,0.2553837556743171,3893,0,1065.8093020334427
1.2012139221639448,0.7368438970924334,-0.8953463223630241,1292,0,3665.7665905365493
-0.4080753730215514,-0.2813275571182134,-0.4081008391602206,4525,0,433.86409430584933
-2.038124535177854,0.06699071722487192,-0.9958153947902291,4845,0,116.83104351859254
-1.008086310917404,0.5159392177040995,0.651136241823657,1564,0,3397.672054369982
-1.8707919210258557,-1.5625458568865427,0.8584511166566653,490,0,4474.246941031238
-0.35151348404130867,-0.5290526773462948,-0.2346205699574138,4576,0,389.36212776258293
0.0184183791895517,0.7942646796218271,0.03823799496002834,3477,0,1487.5112067088116
1.6764373122752827,-1.2542894231692494,-1.4485914146335441,4937,0,28.537650234339047
0.32692737376416264,0.2935579321666293,-0.29967664800678706,772,0,4193.216841576415
-0.21910052880886424,-1.356581804623405,-0.05020461704174478,2660,0,2306.842728526889
0.8294055811834892,0.46642998243352635,2.620793091029975,1311,0,3651.926099872242
-2.211135309007885,-0.03564148229748357,-1.1119670257741636,1029,0,3937.2848436893214
0.23561455810856594,-1.6151318159055095,1.4641772387524374,1639,0,3327.2001837083662
0.7708651938869668,1.1647393544571714,0.996858773465808,1012,0,3951.267720386556
-1.4785862457798415,-0.7345915767980492,0.2806364044901364,743,0,4222.200261804644
1.143754043206929,-0.810252437014381,1.7586204841951334,4622,0,341.10813971425625
0.3384964074944141,0.20056919723094285,0.3721054726068629,601,0,4361.196968636924
-0.4152879139008013,1.1486373494287152,0.3891591956679287,829,0,4132.074460005728
0.6327818661062848,-1.015821818978397,-0.053120653017545344,1383,1,3578.510620611618
2.270692857804396,0.06167984984797165,1.2235688824186275,2218,0,2739.954679021547
0.18186625505849516,0.42881650033057295,1.0964692338108837,4652,0,304.24752703234685
0.24822058630033608,0.6931056072631441,-0.6256772874962124,4486,1,469.9318781262796
-0.4593608995402441,0.1764415552772252,-1.3192471945987674,3936,0,1021.5340446651414
-0.8498443694647918,-0.3670278390833223,-0.20298063739565708,1019,0,3939.953897511085
0.8303358165442456,-0.8275902206487197,-0.8000385643976464,4150,0,809.7511904795873
-0.8560838259088672,0.08614388304637476,-0.0635245746153551,2439,0,2521.584654997065
0.07156623721939247,-1.072139011985607,1.2374381346841392,855,0,4105.347789637147
-0.4776574467651167,-2.9213504834946074,-0.45730165508679,1969,0,2995.204099222494
0.47897982574639186,0.4365598041576678,-0.04282338131157488,4572,0,391.33138297390127
0.3336621052869483,0.9039348410861953,0.058022734808395225,607,0,4355.03576329272
1.0375399442578992,-2.3629324355418384,0.8484308822052846,1536,0,3426.5127249017983
-0.510016398854747,-1.0097307047099375,-2.246889333984605,2675,0,2291.279361339348
-0.26987493529337125,0.6191542610051978,-0.6067002947652967,3526,0,1440.5367823084011
-0.9787637157823074,2.0574954697116987,0.21128369227947272,658,0,4307.246766862192
-0.4442932600761116,0.020793707675407894,1.2000789564268612,3202,0,1762.470187458166
0.3773004930448522,-0.7280029412291344,-0.49190244750620515,4616,0,349.3127923538566
0.7569886166453519,-0.18289644110484016,-1.876552706041874,3722,0,1244.615252884358
-0.9221653241776254,1.3748764191481848,0.6197114459661363,4499,0,466.54283034342126
0.8696059201056602,-0.6459641791245353,-0.6353623888256293,4157,0,808.9545509912657
1.355637858804951,-0.7991920066502536,-1.1896666590903613,3815,0,1151.5877717982014
0.41343490322370086,-0.4827435221820324,-0.6243453897132241,1401,0,3566.281425806873
1.876795812558066,-0.9533286082587124,-0.18452535765584954,2255,0,2711.5424839602297
-0.773789199103573,0.12267031599479553,-0.6047446645382127,792,0,4175.798347507876
-1.244654703311417,1.6246784584695606,-2.205566057099069,4450,0,519.6238898098173
-1.7787202489042786,0.3230792731160291,0.8970661968871322,1578,0,3392.1824645887186
1.496044311489183,-0.2523535021262876,1.2748750412787222,356,0,4611.663898738077
0.6543656563540577,-0.2918112689155441,0.6515219913395057,2530,0,2436.649822359299
-0.05558467091045507,-1.563190808696657,-1.1376856704248166,541,0,4428.406283509331
0.2799686263198203,0.883109777147159,-0.20149153394751798,1981,0,2987.4446966398114
-1.1254890472983765,-0.07783719701280203,-0.006521315229458062,2746,0,2223.654544199352
2.4457519796168263,-0.18047991359062565,0.5987943895619102,3920,0,1046.7904777437639
0.1292211819752275,3.193107567844861,0.6683404887180808,4777,0,185.79980850522568
0.10939479460489289,0.29875290836568624,-0.7341737987784958,1835,0,3128.1258346010336
0.725766623898692,-0.7517910500951843,0.08199555641356042,3835,0,1128.0698634708165
0.4810092317367132,-0.4263575962055433,0.4572804046152411,2745,0,2217.55793143067
0.22388402427913137,1.1484457091967548,1.4558223221467665,118,0,4841.729779375048
-0.7904744554453119,0.11327041053776446,0.7045065398247231,1224,0,3735.7024768801302
0.4714683571359957,-1.4382779783173667,0.7890566873755189,4085,1,874.8802298139361
1.8820244964750337,0.9192289345752035,0.08382662792936094,2754,0,2202.9951497549564
1.3454200461549777,-0.668144085538994,1.4104591452035038,2180,0,2774.907414649137
1.593186626639397,1.8732977762175456,0.4097627959594974,1647,0,3304.0311674503205
-0.5112156764311852,1.0800480657146485,-0.8610879101735704,961,0,3990.3234229712107
-0.9896048202585809,-0.4473218956587512,1.4033699701251907,254,0,4697.356979717003
-0.12578692009964815,1.281016361735113,0.6979032725390276,3594,0,1355.5038470028285
0.055724912288694604,0.0678555105274033,-0.4430440211284823,1004,0,3945.8233106011407
1.0941915184709485,0.8527736751222195,-0.47949296739924335,1369,0,3579.355838374947
-1.6924646297148194,0.48473281729447476,0.2965755451407618,504,0,4445.266994642227
1.5295503194606137,-0.8463566549908735,0.4631847952675847,943,0,4005.120616182489
-0.15800789857898942,-0.643549832317462,0.19729226563120644,1882,1,3066.7248816477545
-0.42688106994742003,1.0299608175811612,0.3113086734428849,1664,0,3283.810493226678
-1.0121043752601675,-0.33477533210654087,1.6999573745763805,1284,0,3663.4574155594682
-1.6548566718657693,-0.4036484632419967,1.0715431522348857,846,0,4102.444377542341
0.8231705839619146,-0.955122579349353,0.19063559126502433,1825,0,3123.385693946463
0.07331796718840389,0.42359906559346105,0.9413105807674833,3288,0,1658.947466332914
-1.2899608997410539,2.062524919243145,-1.0325239035275395,370,0,4577.207426216939
-1.295078772063616,-1.0675329142542729,0.39792704994680894,4965,0,-15.8278891466895
-0.3357846992901282,0.02421945667275807,1.80930634973311,4056,0,891.6743697461948
1.669021525289393,1.4122205554154292,-0.21804589539237385,271,0,4673.811173560883
-0.2595913513636048,-0.07964139124571515,-0.8476339286190848,373,0,4572.998040232111
-1.5031429531181062,0.4523717962497339,-0.6520888885930607,2406,0,2541.700900277572
-0.24574306408594432,-1.0623935281468797,-1.0896330373423884,1258,0,3692.0986699071473
-0.2727235697476705,0.4283070972076486,-0.7847619081277034,1806,1,3144.727848287815
-2.6968866429415717,-0.18714426500454878,-0.370508098590029,1871,0,3082.982387294351
-0.05429486651781221,0.985729995679863,-1.405567019178642,521,0,4433.456519184368
-0.23093453020867796,1.1873860515647512,0.015618333949603047,1309,0,3644.484449329062
0.6962063648134184,2.589563642018614,0.9022771737866472,4775,0,174.29640214844346
1.8489560949453452,0.5796331732135757,-0.9077561801469204,990,0,3957.7755690604313
1.1265650295477574,0.32579631658216646,1.5192839236417688,4917,0,27.80392379065978
-0.26888869055483056,0.19438430157733602,0.5107920885275947,3367,0,1577.3676360911097
-1.1065259087416703,-0.35316629281068834,1.0305805856240573,1573,0,3371.796747707038
2.5733598032498604,0.33848384346169114,-0.6578345538521371,3343,0,1599.5427386141785
0.05921843401448826,-0.29540141013902943,0.8545252270666157,4578,0,363.9243963632365
0.013929291912946203,0.1684609762696143,-1.091933900395313,2281,0,2661.8339399954493
-0.024125087110003277,1.3175975356079597,0.8902475008365087,1549,0,3391.6502200461146
0.19808476076785494,-1.0065425652796411,0.17183933979353122,3196,0,1745.286838510833
-0.14436041192394247,1.1398785611290454,0.5532512199847837,3356,0,1583.738069141643
-0.5736620068802363,1.3171150673398653,-1.1755946056248516,3256,0,1684.1702106868083
-0.5468589412403921,-0.11806852699107874,-0.8950698422766047,1690,1,3251.7302079973165
-0.03275327021599839,-2.1218548990085946,0.5972282182533848,4339,0,604.2875879482876
-0.543424771133765,-0.6078219870944325,-0.9483480042242007,4081,0,864.38718271074
-0.7128457826771644,1.2969945465611092,0.46320629209912306,1535,0,3409.339827654757
0.10643022769189683,-0.022868062298882122,-1.3671378064602457,323,0,4622.623403295825
-0.2549772174208553,-0.9993022322949108,0.8481742126666681,319,0,4627.0295085328735
1.5039929885826886,-0.5047749212282174,-1.232523314768509,4374,1,572.2628137802874
-2.650969808393012,0.840620026504553,0.5522999376795232,1754,0,3193.520863624496
1.0915068519224618,0.5467335682013793,0.6256309336460009,4628,0,317.2569922707264
1.246085192497629,-0.23893209916969432,-0.6967718184295749,364,0,4580.946610995828
-2.0733902324081495,-0.36682441181468756,0.5820265670847269,1053,0,3893.804799072966
-0.34268759408034877,-0.3917581490438219,0.26044226333355597,4624,0,323.2788025527568
-0.37144086599579146,-0.9224101844985025,-0.5388418561927383,3833,0,1116.1114954594439
-1.4075116947178212,1.6153756894694418,-1.008554684076208,2874,0,2075.9121861487683
-0.7778166875908753,-0.3223204692113399,-1.962625691672579,3224,0,1728.9749489972432
-1.1105758454658288,1.2171585208254965,0.3496500472996937,579,0,4373.518716274584
1.7522704434236227,1.5213160519224513,-1.5648027713620551,3614,0,1336.8099325505998
0.9356783931474612,0.9983108981479604,0.0953441994413082,1453,0,3495.780599059863
1.2715550949941588,-0.4316203127180484,-0.2634482160822491,3422,0,1526.2041124936693
0.7216720640432351,0.40373009033660945,0.6791427754381955,3978,0,968.3995675638512
-1.1290517712172292,-0.024195606390916165,-0.3020454994898642,989,0,3958.8548604409493
-0.5245202662797737,-0.9037018607301281,-0.3294477863470914,3954,0,995.6125303543062
0.48937456122791806,0.324359281721603,0.7318707042882956,1024,0,3924.0669258070684
-1.2221278088919454,-1.1790397911598025,0.3350580290841175,2270,0,2680.133035378036
0.7129984301723881,1.1876793884615637,0.3161559571827783,2002,0,2945.916201602219
-0.24032539815813503,-0.4646172972983931,0.46926758980852623,4973,0,-24.848123292132712
-0.3748208075495975,0.2011596558728393,-1.5355721232071058,2495,0,2454.8611099827513
0.7109599682034915,0.28328787154614216,0.756788679986982,128,0,4820.1100734630145
0.44426331148603976,-0.25890497370407733,0.6124687940136023,134,0,4813.312246331219
-0.3609661658190799,0.5866938014752747,-1.0166831285764972,3689,0,1259.1032018241392
1.159329803364248,-0.47490365662252443,-0.2440804736742013,2770,0,2177.6628561510715
-1.0810633275998973,0.8712972974572442,-0.039307287627631186,3465,0,1482.9119294688421
0.6159356069442637,-1.3459796802467485,-0.1344967844017327,688,0,4260.776470326547
0.5931012579683838,0.12637957954641182,0.33385996656853467,3318,1,1629.7231295224628
-0.3095464393139903,1.9389289990582848,1.4313667818311835,3238,0,1706.6623801808873
0.326133022242118,-1.0003313246055747,1.0817667276728287,1003,0,3941.254811755578
-1.251113576385303,-0.6777449705248515,-1.3122191934314063,4186,0,761.4958894959196
0.924027019206901,0.513907849658915,0.6220699903060487,2269,1,2676.4358846367477
-0.18490213644298903,0.17958178193959795,1.3289333195354096,439,0,4505.1122716717155
-0.5227230205190395,0.3506300992735592,0.38680852068920263,4370,0,573.897556072272
1.0490092258368893,0.4891871301476635,1.090980425185967,1814,0,3127.2683792911016
-0.7043436905427592,0.6347214685617699,2.012270445700765,4792,0,147.32573106738172
-1.4084612963635597,1.1096998419562232,1.0237095461069814,4646,0,292.6007829756821
-1.5566291735239037,0.40981865692851255,0.24930859564172886,656,1,4283.498284896636
0.6060099513456396,-0.24125765461854246,1.0450884740847535,3187,0,1751.0884441258238
-1.280429352496283,0.6725737012027313,0.14488783309689118,3366,0,1572.5514119440206
1.7547941819843647,1.8998819348952156,0.02390304328495547,3667,0,1267.872832783856
-2.081929407883722,-0.13263374638257355,-0.35141423571373254,2156,0,2781.438810173836
1.6964563682900382,-0.9745293046706415,1.5634133588321082,3999,0,936.1534697513846
0.2110174672026184,1.1070806692869728,-0.8184286659420014,1116,0,3818.653800280837
-0.09671311187039239,-0.12038116395359824,1.532367724678116,2162,0,2771.338526831983
-0.5449190868089497,-2.172669546014036,0.49986412374037137,938,0,3997.5562513410655
0.39913611435207086,0.8474216771504216,-1.3993061748019415,1737,0,3198.7089997243647
-0.037634702424848364,-0.5353281859539227,0.3676492929914216,4421,0,514.9143133197523
1.1033018820165215,-0.09053328230416077,-2.100026507651624,3596,1,1341.0015712276916
0.11422764866203965,0.33198033056901455,0.6255080168310357,1913,0,3022.9298552316295
0.1503017614618776,0.1904996797790664,0.885231482988991,3579,0,1355.7038223073994
-0.36361221221385587,0.7094518171390395,-0.5923559556520536,1551,0,3383.9503386581264
-0.056945623721067457,-0.43548637056984335,0.12354769595558233,2413,0,2522.3192229564615
0.3078017688920592,0.5131057981760827,1.9541574337502863,1614,0,3318.544157955643
-1.7101683926566256,-0.2595466775839172,-0.5057467042619367,1331,0,3604.0196197301457
-1.348185422105713,0.738810480887503,-1.0589075870566005,1745,0,3191.6879022584203
0.743264094022715,0.6153674840130534,1.4816634024625988,3099,0,1834.8476072779222
0.17086543812794186,-0.9354387020445953,1.9625871905307948,3540,0,1392.649593351308
-0.18398333635267913,1.0859821161750323,0.0036956718478473255,4156,1,775.7438988996378
0.01843393306539316,-0.535963445114048,1.0114630354083562,405,0,4526.249965376278
0.34758170536167105,0.8080577982811451,1.341475915530881,3636,0,1292.7528499571044
-0.5397596803093615,0.36728731340134063,-0.742484232538384,1823,0,3106.6678065565507
-0.7783047254023127,1.8381836767951225,-0.4853058353678683,1789,0,3140.093233440526
0.19584525509768155,-0.22346598237185214,1.230874513154735,1617,0,3310.8899796546452
-0.978372777615032,-0.3493167961181975,1.6850142787085094,4017,0,910.53265494967
0.40825275571447184,-0.01941960588773261,0.5628808601743548,519,1,4407.580940939669
-1.7025836042378404,-0.30317978283427544,-0.8798143535020543,3036,0,1893.466518680243
1.0291556373256436,0.7999419019420501,1.9870611116994412,3962,0,963.6503600292759
0.472597482413043,-1.616310608436588,-0.5309708978119645,4329,0,598.3250440531115
0.25602973431387566,-1.053682419146354,-0.33513778117145177,1550,0,3378.4578345191153
0.9826909839455139,-1.067802921579193,0.34233783448962146,3196,0,1732.2006086222596
1.6654744444625766,0.9503075919735757,1.5541604207147741,3361,1,1563.0306661651086
1.0143700650181304,1.7106133725819253,0.8539759765522237,1264,0,3656.4517067509564
-1.8408742313316453,-0.1044492185374715,0.41486550036191044,1969,0,2952.9821647004633
-1.2795769667357015,-0.16882172319001063,0.4632885301181062,1919,0,3003.967274860271
-0.6248185776956788,0.07005216311318138,0.04351466864346608,2805,0,2118.47852660621
0.026091050210833786,1.1618783026081905,0.5581395145185063,3615,0,1306.7324177388725
0.517659020469123,-0.9273531341905741,-2.529560077694303,1442,0,3482.6716719302885
-0.7257438131534656,0.23836898273478513,-0.29660745906979835,2326,0,2599.455654219777
0.18676676447707832,0.9751976297824297,0.241321934916781,1179,1,3745.0523678906006
-0.7553829323533225,0.5010941699398452,-1.151014083619507,4306,0,619.4576707366335
-0.6115178029919482,0.1895816165987434,0.38632331781156,4663,0,262.4932836052152
-1.4066610968482223,1.0010460925671412,-0.20447122098612153,2879,0,2047.1033698304823
-0.9232332461109043,-2.703232292999237,1.75547569831549,2628,0,2299.974359671277
-1.3516846056163336,0.6778753195309076,1.5730197252148563,913,0,4014.0751492321474
-0.9758732529773327,-0.6540756831274238,-0.46580556911816284,2131,0,2798.1709037373703
1.0536417966078395,-1.830632896856457,-0.15083771156669531,422,0,4508.098732549186
-0.949398888831943,0.5112025995249807,-0.0739475656083926,3069,0,1861.6108764041012
2.632382064837391,1.3736585451629577,-0.4516594761596227,1003,0,3924.0564952702603
0.4933179008808892,-0.13744851462769186,0.19502498402812674,1641,0,3285.505600899979
0.1848361236948739,0.9528745472029388,-0.7582820688875902,3603,0,1323.1261722979689
-0.8583577801812136,1.6122782579886454,-1.1306153349375263,2753,0,2173.502867155099
0.7003098794089914,1.3149144535840473,0.6227112239002686,2576,0,2347.8649315982057
-0.5756378262377739,1.639964529371393,0.6295295842218108,3440,0,1482.1710753108503
0.12200981464536144,0.7421274910718922,-0.8043157596599924,4343,0,579.111253764793
2.5600845382687947,0.0754336389015928,0.8953554307625996,1241,0,3677.58038015686
-0.09605989972464987,-1.6019658118971685,-0.6315777291653314,949,0,3971.909983597647
1.1492733262856758,-0.24606248812994858,0.2531652380379812,466,0,4453.753607521454
-0.7031764251258874,-0.8432465953161917,0.820344012612456,2997,0,1923.479686529283
-0.0349884904969617,2.1709427174978138,-0.03361256470371301,1189,0,3729.377344866986
1.77080063563551,-0.1758858124323366,0.4547409121411344,4141,0,775.3276891316416
-0.6269670577877674,0.12320480678448567,-0.5164296438875717,2138,1,2779.3478810265324
1.8124485579969287,0.5514853760404675,-0.19646658342809717,2960,0,1955.180413675923
0.7077519354554754,0.043602446372453724,-0.20585943088034037,4370,0,544.6349187249756
-0.5624667758942676,1.695051040430753,-0.7465783465402389,1954,0,2960.248912806979
0.632407739055521,-0.622649361734452,-0.1767741631157821,4783,0,131.41592859277407
0.9725544496267299,0.1946074552372427,-1.5486182988637467,594,0,4320.797384986774
0.6218099622171964,-0.7424705856980482,-0.4911537471421047,3282,0,1633.4091993573968
-1.5702247198904564,-1.3200225112207058,-0.28487549336967083,1884,0,3034.5843220818774
-0.7271371758248686,-0.6117690909052854,-0.2561797524953801,3610,0,1310.179408101103
-0.24751863555150475,-0.03703679704841202,-0.24149744587077882,3886,0,1034.705460979574
-0.07443342910004629,-0.42930222451725997,-0.061764199860128925,4230,0,691.2709608330513
0.620672097550678,-0.692420979873856,0.4794415180860639,1098,0,3822.8632681972886
0.17770100093325383,-1.4063174636718339,0.8745170741325226,4569,0,352.21736758589446
-1.3353443587101013,-0.08310557262869477,-0.6497652268482671,1551,0,3372.2855827440817
0.3801978510059632,-1.5047203740310022,-1.2032008553891445,1851,1,3074.6133061224955
0.6105857452838231,0.7600559636896026,-1.042044412243103,2380,1,2545.2847088257654
0.5597904479310398,0.08243975293450329,-0.48720292119492714,4900,0,25.129681546094744
1.0807807255546218,-1.4575514994649306,-0.3519213178165091,4758,0,167.85837363782156
0.8339221545489041,-0.30920907704986345,-0.7699960661974573,3034,0,1892.10365662652
0.4591800792284367,-0.7521564055905832,-1.2961166642498945,3834,1,1093.692749617132
-0.07016571145864703,0.31917451041918043,-0.4561208274741882,3446,0,1481.8998616456456
-1.6609609335159914,1.3404504460231446,0.18142662011397137,1973,0,2955.0389455130244
0.42961821913258585,-1.8751724696457446,0.5950294658355647,4634,0,294.88947029770213
0.20768768716311115,0.11502607914741717,-0.5574230531083212,3903,0,1026.1241795844999
0.27157883719537346,-0.1601327955666404,-0.41299782214343406,2079,0,2850.4257313650146
-1.2767485758203094,0.6713400764504657,-0.9266983088473107,798,0,4132.957838173232
-1.0810565404082624,0.21319662823768915,-0.03143917037477642,1412,0,3519.857137255777
1.0531528533329035,-0.7519693317388191,-0.8484286341908146,3062,0,1870.404382368374
-0.03955515385665504,-0.31905393566661816,0.5731278132412001,3038,0,1894.1898636446558
0.6815006973726244,-0.796025856803489,-1.7858664919341112,4887,0,47.0902552960209
0.028318376130461172,1.0760071385985983,-0.3596296724524624,2400,0,2533.3455594537445
0.02975613949574519,0.02131164867194222,0.3011073391917421,3297,0,1635.9933843263848
0.9382838059759977,1.9011906857530074,0.18383451632250436,226,0,4703.970075318333
-0.5160447282173739,-0.060660813814620775,2.6930336639804966,1291,0,3636.853747196385
0.09612077694098337,-0.7084067669104628,0.34980002456790754,2739,0,2189.1162331617866
-0.4622752887050425,-1.5137143926128271,-1.0040545968420103,4489,1,442.09627743994633
-0.4344962274323156,-1.803139676255945,-0.09546424708907303,4016,0,917.4293775907237
-0.30917212346863937,-1.5841359430054898,-1.7762463334664518,1466,0,3471.0989319906644
0.22213377163371284,0.2671266510114834,-0.08059974929676088,1119,0,3817.690271317316
-0.4787486216634773,0.5087250232299338,-0.8330560570007587,4179,1,758.4933509727501
1.2557561255735208,-1.5811907020321334,0.9153902755601617,4614,0,322.9033952736485
-0.8946073022195039,0.8950383140761154,-0.5495402745955349,4639,0,298.45250453638744
-0.18687164416135904,-0.4830610516834395,-0.11676591579524663,784,0,4154.239203148028
-0.4397310582741749,0.14679301198554937,-0.6355578414044034,3729,0,1210.1676990357205
1.4469778843537329,1.6122206282554243,1.7388513518533313,2987,0,1947.369649171258
0.19655477651157463,0.8968393158655319,-0.3212427661179117,1562,0,3371.597497844999
1.0318445394686349,-0.2685306479058323,1.8325570434792018,4186,0,745.0016269099568
-1.485560373036972,-0.8911922254152874,0.8141517621182666,2361,0,2571.5642277462907
0.26705026586925884,-2.151815401329305,0.48206672733538614,4280,0,653.9669261544155
0.889630795623437,-0.7191533192424201,0.3687331473175197,2941,0,1992.427715530717
0.08228398927542419,-0.21113023882769444,0.39379729821625153,1867,0,3066.162764482053
1.0654803750653512,-0.987179527151184,-1.92767257934561,4280,0,655.0121362134845
-0.5172884501003722,-0.13125696709230472,-0.2788833941507565,3660,0,1275.939565024828
1.40934744018558,0.07685188295876821,0.8451579711843216,2212,0,2721.608207730499
2.2988981236192503,-0.22485598180807856,-0.04889718347410554,4858,0,73.58306277216215
-0.36283856043965906,-0.6500025808234597,-1.405189846803575,726,0,4208.001093760229
-0.4455025214007718,0.16865467196672768,-0.05240445057746945,4259,1,675.3303460602403
1.453384477117701,0.44194064956940904,1.7041055162554912,3514,0,1416.7309154172976
1.5795721457307124,-1.090399077442846,1.2468917155347194,1475,0,3453.9948506334754
-0.5228600271532683,1.41093237974627,-0.062004009366031745,1281,0,3647.168782290248
-0.42018681709585726,-0.09858813228426173,0.9514492770580866,590,0,4337.73610796257
-0.2817846088605072,0.018849622944847662,-0.36650702036805183,3829,0,1099.3655499688539
-1.344450511034277,0.7082144232565571,-1.703871586826719,3634,0,1296.7056576434584
-0.9186519464841982,0.23321613126350166,-0.9244659881295544,3396,0,1536.3155594468087
-1.0041407667520679,0.9531366339132451,1.5628887685081978,2040,0,2890.8036748111394
-0.7677975651041284,0.2871241652018242,-0.2739930818293042,4508,0,423.55834129287086
-0.03468488738678118,-0.6124373746404379,-0.24338397937501807,1982,0,2950.448847534273
0.23421473253652075,0.36150352520610163,-0.29983819627488056,3087,0,1845.1529674728054
1.5505004928140769,-1.1437262073206618,1.904136589573007,3259,0,1670.842056597739
-0.998354040738791,0.10855970577652314,1.6259589153620633,4875,0,54.10589201733913
0.9843223984765838,-0.0332299906444608,2.218780233448134,4630,0,295.9360193760589
-0.21398884422550896,-0.2081168572725397,-0.1590452104000513,781,1,4145.517170287957
-0.04946370965243295,-0.12853751143893075,0.29562448874709507,1173,1,3753.3995470203013
0.6748194921666038,-1.881849045497639,-1.5166425494207911,2487,0,2442.123219123053
-1.1227220215622986,-0.5487249077409615,1.4769344261182744,2494,0,2435.317731626238
0.3824097461840506,0.09284490114111471,-1.167779551267935,2793,0,2137.010256530181
0.1664522082130561,0.15985639199740037,0.2167755637626291,1470,0,3459.4671723662077
0.4924512640081491,-1.0276751409259581,-1.097302527632844,4844,0,87.0996987707584
0.2891686439078181,1.2657078408647007,-0.5888668267386961,4440,0,490.1336891127246
2.4553001399108942,-0.8661748482145009,-0.8372624310497003,2256,0,2673.381826252078
-0.637739984251316,0.9694572005267368,-0.6078752606758179,2680,0,2249.6579842964784
-0.5309969550018176,0.42719436187168486,-0.5391227031489786,4491,0,439.3009095927574
-0.6231405264247644,-0.646227309843803,-0.5482687949250771,2259,0,2673.118546223951
-0.5554771191602547,1.775310892609512,0.8333339117803071,3348,0,1582.0653785387215
-0.6373871273065177,-1.19363683175648,-1.10486279306252,3831,0,1102.001265290847
1.1890165311075518,0.9191541736100015,0.22054142701386686,3929,0,1001.6725531591155
1.4205042479898549,1.0005823180429783,1.2179591523055584,1727,0,3200.033507440777
-0.5707462937494763,-0.6706202090766449,-0.513196364513396,3572,0,1356.7880703081166
-0.8323555731042287,1.3924653000643288,-0.7179188907476018,127,0,4801.945879471904
0.4714155563864041,-0.2500465145989528,-0.23052462518025083,2085,0,2843.955035055297
-0.5522230442809712,0.28869362927985703,1.1797252083607102,4253,0,675.0388392619374
0.6329318177555108,0.2603218387712207,0.1941076309533577,1621,0,3305.9514779744572
0.2029230208512997,-0.1343087414705478,-0.5312142946075985,396,0,4531.414077989684
-1.515744114997232,0.8108082731597821,0.48387665118803974,2281,0,2646.6351371803335
1.5475052013300616,0.793488720552213,-1.1022921498364233,3502,0,1424.3964354082877
1.7958776730955217,-1.7485319732381808,0.681359510442948,2396,0,2529.6677301979876
-0.6127886904843862,1.3043402428781525,0.4086073077017676,2697,0,2227.567571337892
-0.38770155993598415,-1.6624919880356743,-0.3078084711388841,1001,0,3925.9255733570026
0.28586539072490497,1.0325462043416573,-0.838585798447231,1198,1,3728.445747560383
0.334456789987025,1.1267051368275833,-0.8866809222834573,1777,0,3148.871266555852
0.6585442726728304,-1.0909664302151982,0.5348173363459102,2981,0,1944.7688713770483
2.0102045387663496,-0.4108142879545848,1.2289805024890619,4966,0,-43.05949937625245
-0.1769472274940494,-1.1057046684859357,-0.6373077470287948,1478,0,3446.8604602667565
-0.7982972445384537,-0.21492103028873533,0.45838670355148425,1348,0,3577.415291838032
-1.3793192280145272,-0.30803428418574125,-2.0870270186020687,3835,0,1094.1896723688344
-0.7309300399419191,0.7796605322693398,-0.5846177306571996,4341,0,588.7255596071641
-0.033126972873797095,1.3103087461196083,-0.031058932870901952,1364,0,3564.479436766789
1.7945578635177877,1.395683810789956,-0.9096834169818336,2007,0,2919.198878509463
-0.5176112990361714,-0.5621680265783021,-0.936506374789596,1158,0,3770.2151642098675
0.2237879516388985,-0.20922187374452778,-0.6677795564688862,2849,0,2079.868377688442
-0.016422896072752075,-1.6834381922209503,0.29219272832637316,2148,0,2782.276046048409
1.188393273448084,-0.8058700664961888,-0.1873290184063747,4348,0,582.0808518598637
2.5269324258736217,0.9648516330974576,-2.238231233324972,2576,0,2352.8272990342175
-0.5308687729203206,1.6155828235482317,-2.120700152635066,4116,0,813.8632851362248
-0.48943944251822213,-1.234348871879922,-0.6068651778571754,4703,0,229.1939386284801
1.044160877069072,-0.5924642591528942,0.45768658605355206,3297,0,1634.2845554245105
0.6818914896263114,-0.02640575695892703,-2.7475048427252347,4686,0,247.37657453456822
1.8467073257360336,0.2801611588196068,-0.4997301761516306,3653,0,1278.749436226164
0.5839281853259639,-0.8096035199216461,-0.5262478565174211,4540,0,392.5013594172773
-0.35929209078705954,0.4240610444640897,1.3883377782084478,1861,0,3070.0482526853916
0.5906548306923093,-0.47383934707091613,-0.38502181171286365,320,0,4611.316459013483
1.1087035805829077,-0.014452270878279104,0.38298898474092846,4918,0,11.839218719037746
0.820482181197364,0.5462842480036996,0.14125714008746323,4723,0,205.33119514974922
0.5072740311072977,0.0064222698109378164,-2.1305664798072006,2988,0,1941.9480653286382
1.066674689589154,-0.4363858905265686,0.7682072166317373,1764,0,3164.5495693129437
1.1692955904456728,-0.10960980392583083,0.21539650545628794,4086,0,841.2744870209677
1.3821589910375272,-0.08836295920533532,0.5082686396745896,4676,0,249.47242234946094
0.6487098875896427,-0.3700110298821277,3.9262377064363267,3077,0,1844.2674857853171
-0.16711808031685435,-0.25879606266710237,-2.0841129394985884,1971,0,2952.7775128677995
0.14671368643332283,1.598647170504717,1.7246966497611085,1562,0,3358.3074553611004
1.2065089665083568,0.5609194479412387,-0.28744751940035557,444,0,4474.827474466051
-0.8169356709872361,-0.29548031802916036,0.2873289044030093,144,0,4775.652561550664
0.3686733088729012,0.6969544045107356,-0.04551224530124217,2168,0,2750.632446082582
-0.3933388123273607,-0.33381948975600995,-0.4242363333980435,1614,0,3305.783840718064
0.028744822934817487,1.1731246375866413,-0.5698329282387588,2698,0,2221.1518041857807
1.2784518626072987,0.3696421921980939,0.32950873557300914,1101,0,3816.1742013954026
0.19109906801990334,-0.10730214400422888,-1.5171736966716791,1133,0,3785.6075781680584
0.04643654815614881,0.4477169258102776,0.7505791675217656,2140,0,2777.3628455265703
-1.3598561409799192,-1.5708761520684993,-0.41619440488525394,373,0,4547.709772224504
0.7462535660272207,-1.1267674689098053,-1.1300693390403578,2747,0,2175.220355466427
0.6454841811410754,-1.1939250063990554,-0.4500128579958137,1879,0,3044.218809149681
2.16325472330546,0.14294309476370676,1.2571492168625729,4576,0,343.65546211474907
-0.30777823495300083,1.732514999485092,-0.5353350870162231,578,0,4340.766060437233
0.21915032766393897,2.2313001461926323,0.35845361820962024,615,0,4300.957156345167
0.24938368371075526,0.6380511014407572,-0.7309562757154733,4386,0,529.800677835731
1.5774532797634744,0.5008444749444569,0.7579218499236196,1291,0,3621.9644582310993
-0.0952955323869521,-1.801057734152739,0.6855077387902041,2768,0,2146.1753037588487
0.27902152577033923,-0.5426737997340217,1.8486088332964115,1511,0,3401.590347199516
0.6078965097165392,-0.7877837519082389,-0.1755639454992155,3380,0,1532.945798387207
0.1866091231563581,-0.620847598251116,0.6686548047579066,371,0,4541.711382057544
-0.44643361455052827,-0.1681438185847896,0.09806753953894455,242,0,4671.22789195114
0.19408999289830758,-0.47209057769712737,1.2958717818630143,3432,0,1480.2100207540761
1.073631749859772,-1.9792998103757877,-0.7188323876087304,887,0,4026.834521202201
-1.0265152994110602,0.7479102561175338,0.7450053128772811,1781,0,3132.3681209326173
0.132969674146876,-1.0727430257398065,-0.19469729611668168,722,0,4192.502591580327
-0.7001208149391732,0.23924686411114954,-0.06418817710849775,3941,0,974.0276537082632
1.1950466289248425,2.0740826697499735,0.09175248444837286,3776,0,1135.66677192514
-1.5231869047837747,-0.9193845915864234,0.2522403964266774,2672,0,2241.8571030250837
-0.5589218472715883,-2.5302875227463297,-0.11622904312195817,3360,0,1557.0625414382234
0.37721187506452086,-0.2860042218801108,0.21471318317052634,4812,0,104.7566206018685
1.5655240292343404,1.100959634998571,1.5781180575621845,166,0,4746.512018880074
-0.0657502610729878,1.9583474542205939,0.9854496856152184,4386,0,523.6339720013106
-0.5551995266931984,-1.2295495944524168,0.8691545924968965,4716,0,194.5495665299593
1.8811570694405901,0.4966992232365217,-0.4555395260238707,1240,0,3668.6272497633063
-1.448013900416244,-0.46531045678005334,-0.8892408282283243,2414,0,2497.429814948731
-2.198805956620082,-0.10594835430413566,0.9553005582377528,2632,0,2280.779268701417
0.4400144500533324,2.6443433470170348,0.8760467925297942,3680,0,1228.818864111817
-0.5020542243526112,-1.5029703283951532,1.472670675750982,1287,0,3622.351217988814
-1.0212328171307132,0.25373966149457344,-0.6039806259692295,4571,0,339.72269177041915
0.7083564472993533,0.4676931717654332,-0.22954865536034708,4848,0,61.77619080671471
0.24380071377119883,1.0857863249393471,-1.6394841625254342,3439,0,1471.0860879305296
-0.5640786307367284,0.09798315347089544,-0.39247110606087293,648,0,4262.944654513856
-1.2803043986708944,0.3080505395041023,0.9965705105794472,4187,0,723.9203378624436
0.8724573282801447,-0.3916485674217911,-0.46649537922819795,172,0,4738.906024480813
0.650201177958661,0.26912694124510733,0.6404797952008238,298,1,4611.346216566409
-0.09917586377938291,-0.3431922754974105,-0.19050310599781134,3301,0,1608.9790878116835
1.8466369960476658,0.6215718898560508,0.32405702822156063,1881,0,3026.1868218975583
-1.0700847663261526,-0.36961033604363397,-1.1476913898156673,671,0,4238.774208389744
-1.5255251709247388,0.37710039390218647,0.08520944963390106,890,0,4020.8374237171324
-0.6919080698812444,-0.029262813684978354,-2.9911359709007233,1738,0,3176.5497305715994
-0.045586016355497805,1.1260502507721681,-0.18689615816198485,1931,0,2982.6561624953447
0.24333944932269183,-0.05139372358848624,-1.6304732437151401,1955,0,2960.0946900133254
-0.24123605785632987,-1.7730324682068814,1.205994516546816,1274,1,3641.902964022842
0.3520553965142968,1.2619215007139917,0.7774073527645112,3840,1,1073.511579772849
-1.251539424190444,-0.9057323008626189,0.46667098196608103,3377,0,1538.202180515936
1.4437646040732595,-0.6537663386488198,1.52100622715938,278,0,4634.891176023352
-0.0821511783925688,-0.5956612940434921,-0.9489165208248372,2344,0,2570.517905016613
1.1172958315881276,1.3744380931708173,1.7473631979155582,4186,0,724.2788078939386
0.34272534637770413,-2.1356742139786955,0.9321915642603847,834,0,4077.1395651972794
0.4567532191537839,3.1377485336599937,-0.23655528721894603,898,0,4009.7816187316844
0.5697672802322039,1.0560568090660518,1.1356201471829441,887,1,4018.0201744952033
0.44770856001731496,0.22323891412915967,-1.1062935124116342,2895,0,2010.4555205334684
0.6427227598675439,-0.05489400061628639,-0.8245141615276735,4404,0,501.6922059357448
1.3291525301324314,0.28555407485765694,-0.6085897232397004,4688,0,216.68608905399446
0.19652116970147013,0.5211224283793383,-0.5289777080640152,3184,0,1720.4974231639776
0.7090037575885123,0.645215585950057,-1.0565576427602528,3018,0,1886.1997614631994
-0.08973569428722672,0.5556044660034485,1.223083067095325,831,0,4071.510809624388
1.4401172154494728,0.08958068125524882,-0.25885440036983165,1229,0,3672.239966128053
-0.6763923020592697,-0.1973384203073261,0.35250496835687956,3546,0,1355.7611918820626
1.8009404329108156,-0.1512732836535117,-0.5703513664136806,1705,0,3195.681876099219
-0.04015795064434341,-0.194908280352681,-1.8206033005485172,3878,0,1024.7375456307645
-1.4307751021180481,1.1337700968670645,0.2700573583914221,2845,0,2057.7644932776243
0.12810441491078928,0.5935567222808619,-1.9122549754197768,3270,0,1633.9550871158522
-0.6810516574748808,-2.9403886346642802,-0.06863404608546861,4789,0,118.64516145407687
0.8406435489887241,0.655900776529761,-1.3683150388328105,3033,0,1874.5169321673911
-0.6526239793023909,0.19473619471877485,1.987275999230808,1315,0,3590.987543952744
-0.4461834332147797,-0.018708756445897416,0.9113627221747217,424,1,4481.54107342023
-1.889540730945531,-0.38851845308888583,0.10575379127148042,1950,0,2957.7133788129927
-0.4523063192490767,1.1241127199860135,1.2637066776546686,1590,0,3315.777865734601
-2.4238793266289567,0.9475264621228578,-0.8463159774657358,993,0,3915.100534576573
-1.5839028234857233,-0.7728776678236091,0.543479378670093,1490,0,3419.913835689212
0.7604146561442974,0.4070522871245351,0.1998104337187135,3489,0,1419.5465583122248
0.7858001586508322,-0.971656734541286,0.26402008133367,4339,0,569.4683948067816
0.42545756178496474,-1.3796181647889305,1.2723535001067678,4579,0,329.1502019096788
-0.966976143129213,-0.6267172245899651,0.7324921027798023,2363,0,2546.011403174618
-0.047711356141979855,0.8623934723827588,0.28872366282502326,3532,0,1375.9079973955525
-0.0036025390905684044,0.9531250453760867,-1.6548874362282961,2471,0,2437.613362325495
-1.1583646891925428,0.513085420097293,-0.9600462952794637,3186,0,1724.21868788987
1.5033983017671506,0.7250957868479971,-0.12270893359572414,4412,0,496.1129027348504
0.8773622905756714,0.5161782871149584,0.09337237427665124,1615,0,3291.625989782883
-0.22096417382966393,-0.6414815952229522,-1.1302037246739238,3017,0,1891.6186392766097
0.02688583899453078,0.43192254467394064,2.411676675578421,2452,0,2453.7481542173628
0.20838280794755248,0.8004095252276823,1.5163940552535728,1267,0,3636.222967828934
-2.0417348684242906,0.7542913298135743,0.6021183203924835,210,0,4693.908293047152
-0.24717738252059693,1.188913371474643,0.07203686128374476,4427,0,475.89452019691447
-0.6819842479977986,0.7083038472010638,-0.21220896990115168,3755,0,1148.0804095676124
-1.0016200098949155,0.3514482075415829,-0.9519184600222356,3893,0,1011.6824998299879
-0.2811002928859549,1.0701502383164274,0.07748051851886253,1855,0,3048.8159693660386
1.7976865268495226,-0.026521259249060063,0.2577525401427507,1677,0,3224.7870515582954
0.6408428612670098,-0.8818746512277178,-1.2417605754816243,1396,0,3507.269843923738
-0.5711789897827968,-0.16306696394376388,0.33417641724489744,3874,0,1029.6699134602193
0.5725827813561586,-0.7449026448064491,-0.15525904882474875,2320,0,2583.9974923724944
